Country,Job_Role,Work_From_Home,Coffee_Consumption,Productivity_Score,Sleep_Hours,Stress_Level,Age_Group,Gender,Age,Coffee_Type
Australia,Product Manager,No,1.8663694565012887,99.6308877376582,8.5,2,36-45,Male,44,Black
USA,Product Manager,Yes,4.982321827907003,73.54708320235065,5.4,9,46-60,Male,56,Cream and Sugar
Germany,Sales Executive,No,5.476591228755779,48.00716213090429,4.5,8,60+,Female,73,Latte
South Korea,Designer,No,1.642824290986816,66.81484618345286,5.4,6,46-60,Female,49,Espresso
South Korea,Product Manager,Yes,2.9193571441669954,83.74678715439086,7.7,10,26-35,Female,34,Black
Australia,Sales Executive,Yes,3.0897200603606434,79.56437308117651,7.2,4,36-45,Female,45,Black
Japan,Data Scientist,Yes,2.6916710028691755,60.03803037880566,5.3,3,26-35,Female,31,Black
Germany,HR Manager,Yes,0.5934285469001359,65.68004615160092,6.0,10,26-35,Male,34,Black
Brazil,Designer,No,4.880818012523817,64.24260813972414,5.4,2,46-60,Female,51,Espresso
USA,Product Manager,No,2.468660451363414,88.84524941794481,8.3,9,26-35,Male,26,Cream and Sugar
USA,Product Manager,Yes,0.9712800217929818,65.3522841288992,5.4,6,26-35,Male,31,Black
Germany,Sales Executive,Yes,3.3865904629255907,76.74880945275432,6.7,9,18-25,Male,25,Cream and Sugar
USA,Product Manager,No,1.7661897853087027,82.80525976566796,7.4,6,26-35,Female,33,Cream and Sugar
South Korea,Software Engineer,No,0.1,56.46218168979201,5.1,3,18-25,Male,23,Cream and Sugar
Japan,Sales Executive,Yes,2.3489991456227246,56.116143347158335,4.9,8,46-60,Female,56,Latte
Australia,Designer,Yes,1.0752119190930245,100.0,8.9,1,36-45,Female,42,Cream and Sugar
Australia,Product Manager,Yes,2.869455021842329,63.50458593812191,5.1,7,26-35,Male,31,Decaf
France,Designer,No,3.999146693885301,68.11222377600724,6.3,7,26-35,Male,30,Espresso
Brazil,Designer,Yes,0.6409764856474828,64.49666152714613,5.4,1,46-60,Male,55,Espresso
Germany,Designer,No,1.660147815855949,71.75693561685894,5.8,10,46-60,Male,50,Black
Brazil,Product Manager,Yes,1.596013679341691,76.65297359439315,7.5,5,18-25,Female,23,Espresso
UK,Sales Executive,No,1.9399720694450129,52.71680096189967,4.0,9,46-60,Female,57,Cream and Sugar
France,Product Manager,Yes,4.356758672625624,84.68688120527077,7.8,3,46-60,Male,60,Decaf
USA,Data Scientist,No,1.990743432003805,84.8529933429658,7.2,3,26-35,Female,31,Espresso
USA,Sales Executive,Yes,3.443523534119086,53.18370421728741,4.7,4,26-35,Male,33,Espresso
Australia,HR Manager,No,4.717631775985865,57.9755894966774,5.7,4,46-60,Male,59,Cream and Sugar
USA,HR Manager,Yes,2.404830660958196,61.862287810584185,6.0,3,36-45,Male,44,Espresso
India,Sales Executive,Yes,5.167782820090299,86.24042473330691,7.6,8,26-35,Female,32,Cream and Sugar
South Korea,Software Engineer,No,4.28967733861732,92.2986125086074,8.1,1,18-25,Male,22,Black
South Korea,Sales Executive,No,4.087559866708875,74.47841687447796,6.9,2,26-35,Female,32,Black
Canada,HR Manager,No,2.875481980221811,60.19296229388687,4.7,5,18-25,Male,21,Espresso
Japan,Designer,No,3.187251401603744,89.6923996886552,8.8,7,26-35,Male,31,Black
USA,Designer,No,3.692032724469654,56.669601006763415,4.7,9,46-60,Female,57,Cream and Sugar
Canada,Data Scientist,Yes,0.5705759874083223,68.94491900118771,6.5,10,60+,Male,62,Espresso
South Korea,Product Manager,Yes,4.823844269050346,68.7408194609892,6.2,1,36-45,Male,37,Espresso
South Korea,Software Engineer,No,0.761419144243944,66.23699335658208,5.6,2,26-35,Male,32,Espresso
France,Data Scientist,Yes,3.157219417029375,80.69793317358024,7.5,2,18-25,Female,20,Espresso
Brazil,Sales Executive,No,4.580697802754207,85.07722227885087,7.7,1,36-45,Male,43,Black
USA,Software Engineer,Yes,5.22636574532736,98.0314640460722,8.3,10,36-45,Female,43,Black
USA,HR Manager,No,0.5018966879596645,88.11554065238425,8.1,10,26-35,Female,34,Espresso
Germany,Product Manager,Yes,3.620433669223151,100.0,8.9,7,46-60,Female,60,Black
Australia,Product Manager,No,3.336168926701116,72.35146572671191,6.8,1,46-60,Male,53,Espresso
Australia,Designer,No,1.0888731452011626,81.64902088957642,6.9,2,46-60,Male,58,Latte
Australia,Designer,No,0.5570002470460451,100.0,8.4,1,46-60,Female,54,Latte
India,Designer,No,1.9711445355220496,47.64177749936356,5.0,4,18-25,Female,25,Espresso
France,Data Scientist,Yes,4.250496324767067,78.01552372264761,7.2,8,18-25,Female,24,Cream and Sugar
UK,Product Manager,Yes,0.7483570765056162,76.8853606359027,6.4,9,46-60,Male,58,Espresso
Canada,Software Engineer,Yes,2.067135123214872,56.98477306978504,4.8,8,36-45,Female,42,Espresso
France,Data Scientist,No,0.9257567317217232,87.85572936685655,7.6,9,60+,Female,73,Black
South Korea,Software Engineer,No,1.2337641023439618,72.9800740664209,6.6,8,18-25,Male,19,Latte
Japan,Designer,Yes,4.382086980445025,56.4329489373645,4.6,3,36-45,Male,38,Cream and Sugar
India,Software Engineer,Yes,0.1,80.2216138230396,7.1,2,60+,Female,67,Espresso
Canada,Product Manager,Yes,1.6342814874030134,65.83891030829903,5.0,7,36-45,Male,39,Espresso
India,Software Engineer,Yes,5.055807439044445,63.27210421650607,5.2,8,46-60,Female,57,Cream and Sugar
Canada,Data Scientist,No,0.1,86.68801331037601,7.5,1,18-25,Female,19,Cream and Sugar
Germany,Product Manager,Yes,4.965640059558099,52.94061516938766,4.5,4,18-25,Female,21,Espresso
Canada,Product Manager,Yes,1.160970782808449,52.56196887963753,4.5,7,60+,Female,75,Cream and Sugar
India,HR Manager,No,3.1459879622393943,80.8372090609019,7.3,2,36-45,Male,42,Espresso
UK,Product Manager,Yes,0.8111653160214547,75.97226071189148,6.4,7,46-60,Male,55,Black
France,Sales Executive,Yes,3.645880388267751,52.89507759589869,4.5,8,18-25,Male,21,Decaf
South Korea,Data Scientist,Yes,5.161562038634829,66.44887428448206,5.5,3,36-45,Female,36,Decaf
USA,Product Manager,Yes,0.1,98.3770039932272,7.8,2,60+,Male,67,Espresso
Germany,Product Manager,No,3.14619363784273,60.35562351715846,4.6,10,60+,Male,61,Espresso
Brazil,Data Scientist,Yes,2.201731817933611,87.3698823391608,7.9,5,18-25,Male,18,Latte
Canada,Product Manager,Yes,3.006215542699554,83.00606961081972,6.7,1,60+,Male,67,Black
Germany,HR Manager,Yes,0.998430617934562,75.95962313489224,6.8,6,26-35,Male,26,Latte
India,HR Manager,No,3.277571160250619,48.80937732411073,4.9,1,18-25,Female,21,Cream and Sugar
France,Sales Executive,Yes,2.3696806145201057,71.95956844541298,6.7,6,46-60,Male,57,Decaf
South Korea,Product Manager,Yes,0.7691067676158059,43.64604039487072,4.3,5,18-25,Male,24,Espresso
Brazil,Software Engineer,No,3.045959585753253,82.24243257979346,7.4,4,46-60,Female,48,Latte
Japan,Software Engineer,No,2.7288298116010097,56.09209189594776,4.6,1,18-25,Female,18,Espresso
UK,Data Scientist,No,4.721843605745955,100.0,8.4,8,46-60,Female,60,Decaf
France,Data Scientist,No,0.3998915614206021,57.63463686882081,4.6,10,60+,Male,63,Latte
Canada,Software Engineer,No,2.295938874821363,56.90449735595568,4.8,8,46-60,Male,47,Latte
Australia,Product Manager,Yes,2.344866621703272,84.14702790591744,7.0,6,26-35,Female,33,Black
USA,Designer,Yes,0.1,72.94432345496057,7.4,6,36-45,Female,45,Cream and Sugar
Australia,Software Engineer,Yes,4.079977756651508,67.17807279054283,5.6,9,18-25,Female,23,Espresso
France,HR Manager,No,1.2774401226974377,59.85432596943483,4.6,7,18-25,Male,24,Decaf
UK,Designer,No,2.103563583868828,56.60706877110079,5.4,5,46-60,Male,49,Black
Brazil,Sales Executive,No,4.0895152002333885,65.71877021603464,5.0,3,60+,Male,67,Espresso
Japan,Product Manager,No,3.9465362366493406,54.69248203747207,4.3,8,26-35,Male,33,Latte
Australia,HR Manager,Yes,4.438947022370758,92.923560430496,8.5,10,36-45,Male,38,Black
Canada,Data Scientist,Yes,2.755625077271768,66.16390933053142,5.3,1,46-60,Male,51,Black
South Korea,HR Manager,No,0.3614491452929482,100.0,8.0,1,18-25,Female,18,Black
South Korea,Software Engineer,No,1.0975785127184574,99.90933127529247,8.9,2,18-25,Female,18,Cream and Sugar
Canada,Product Manager,Yes,2.9485387746740206,83.24110293150169,7.2,10,60+,Male,67,Black
USA,Product Manager,No,2.212833673882504,58.70319550229878,5.1,7,46-60,Female,46,Espresso
Australia,Product Manager,Yes,3.966157005989796,63.75077815267604,5.8,3,36-45,Female,38,Latte
Australia,HR Manager,No,5.212708174494015,86.15167908272123,7.2,8,46-60,Female,53,Decaf
France,Designer,No,1.8349010424950087,72.71958087045566,6.7,5,36-45,Female,45,Black
Germany,HR Manager,Yes,4.700303677277989,71.35783118609696,6.1,7,46-60,Male,49,Decaf
Japan,HR Manager,Yes,2.9424044689007243,88.61171276617442,8.1,7,18-25,Male,23,Decaf
Australia,Product Manager,No,1.5456199257715708,60.39489912873196,4.8,3,26-35,Female,33,Black
India,Designer,No,1.5969913092501486,66.66831052643474,5.5,6,26-35,Female,28,Decaf
Canada,Data Scientist,No,2.48038391111995,79.18769972128949,6.4,1,18-25,Female,22,Cream and Sugar
Australia,Software Engineer,No,1.5962681128117222,85.44991800572626,7.8,7,26-35,Female,33,Decaf
Japan,Software Engineer,No,4.357701058851037,97.65062532353316,8.9,2,46-60,Male,51,Latte
Australia,Data Scientist,No,2.010951252187612,73.10618142108846,6.8,6,26-35,Female,32,Latte
Australia,Software Engineer,Yes,2.7483087803224224,97.77853369961944,9.0,2,46-60,Female,47,Espresso
USA,Data Scientist,No,0.1,78.88650246522425,6.7,7,18-25,Male,23,Espresso
Japan,Sales Executive,No,2.402490855480478,67.78494308322676,5.4,6,26-35,Male,28,Espresso
Australia,Product Manager,No,4.158771127897981,50.389173379111874,4.5,6,36-45,Male,39,Decaf
Australia,Software Engineer,Yes,2.4938481493323543,89.3480296005283,7.5,5,60+,Male,65,Black
Germany,Sales Executive,No,3.890889658383264,82.77818929402476,6.6,6,26-35,Female,33,Black
UK,HR Manager,No,1.937902279096864,72.0671745161185,6.0,10,36-45,Male,39,Latte
Canada,HR Manager,Yes,4.080391238388681,97.38397906279032,7.8,5,46-60,Male,56,Black
Japan,HR Manager,No,1.4199094799015155,68.13105400448214,6.2,6,36-45,Female,43,Decaf
India,HR Manager,No,2.139798874467337,54.776726483442914,5.1,1,60+,Female,71,Espresso
India,Product Manager,No,1.5513728142570842,48.10639875547861,4.7,5,36-45,Female,36,Espresso
Canada,Data Scientist,Yes,0.6688481431369475,63.48022155744592,4.6,6,36-45,Female,39,Black
USA,Data Scientist,Yes,1.2389692418971625,57.27182828177029,4.4,6,26-35,Male,34,Latte
UK,Data Scientist,Yes,1.885785475477178,84.72207664544773,7.5,2,60+,Female,71,Decaf
Brazil,Product Manager,Yes,4.02647130924893,94.3998431315991,8.3,5,18-25,Male,21,Black
India,Software Engineer,No,3.355461294854933,68.37255476350812,6.4,2,26-35,Male,28,Espresso
Brazil,Product Manager,No,0.1438359751545841,81.22875989808414,5.9,10,18-25,Female,25,Decaf
USA,Software Engineer,No,1.7310653372605236,87.64610590987614,7.7,4,46-60,Female,59,Cream and Sugar
UK,Product Manager,Yes,3.173335383713144,51.54697397302446,4.1,6,46-60,Female,54,Decaf
South Korea,Designer,Yes,2.793227157384714,84.62883311949346,7.1,5,18-25,Female,23,Decaf
India,Data Scientist,No,1.315660981190235,100.0,8.9,7,46-60,Male,51,Latte
Canada,Data Scientist,Yes,2.04217585880588,79.11942012139566,6.8,10,36-45,Male,40,Latte
UK,Software Engineer,No,2.0573292833367547,75.04762772277344,6.9,1,26-35,Female,26,Decaf
South Korea,Data Scientist,No,2.106500945938953,54.35734178567998,4.2,10,26-35,Male,32,Latte
Australia,Designer,No,4.548497982496359,73.41012248237517,5.4,1,46-60,Female,57,Espresso
Australia,Product Manager,No,3.816126848580502,88.7271002307749,7.2,7,46-60,Female,49,Cream and Sugar
Canada,Designer,No,0.1082292947909874,100.0,8.7,8,60+,Male,73,Cream and Sugar
Canada,Product Manager,No,2.0611276110353467,58.44392161784408,5.1,6,46-60,Male,49,Black
Germany,Sales Executive,Yes,2.9578373171464296,59.0519758987071,5.4,6,26-35,Male,27,Black
Brazil,Product Manager,Yes,1.326901026017452,92.37106539950176,8.3,5,36-45,Female,36,Black
India,Designer,No,3.1047318374346555,88.27862456144348,7.8,4,60+,Male,62,Cream and Sugar
India,Software Engineer,No,0.7141727546321404,85.47095759235474,7.0,5,18-25,Female,18,Decaf
France,Data Scientist,Yes,1.1261390922544678,59.5376768514259,5.8,5,60+,Male,62,Espresso
France,Designer,Yes,3.8316210562426423,91.64775159730308,7.4,7,36-45,Male,37,Decaf
USA,Data Scientist,Yes,1.162474151424178,87.20996050710505,7.8,9,26-35,Male,32,Decaf
Germany,Software Engineer,Yes,0.7820689244102805,81.8655946502629,7.4,6,60+,Female,73,Decaf
UK,Sales Executive,No,3.313729967302065,75.93947812369916,7.1,8,36-45,Female,38,Espresso
Germany,Designer,Yes,1.545393812074393,90.72571664067117,8.9,2,36-45,Male,41,Espresso
Japan,Software Engineer,No,2.207046872065101,61.11585291980957,4.7,9,60+,Female,71,Latte
Australia,HR Manager,No,4.027808637737408,86.36658983594202,7.6,4,26-35,Female,34,Cream and Sugar
India,Data Scientist,Yes,2.857123666297637,84.55019550129472,8.1,6,18-25,Male,18,Espresso
Australia,Designer,No,0.5761084090175752,76.52460613968192,7.3,10,60+,Male,73,Black
Canada,Designer,Yes,4.063994939209833,66.32107650354936,5.8,5,60+,Female,70,Espresso
Japan,HR Manager,No,2.8575238431530234,82.34510762644696,6.4,6,26-35,Female,31,Black
Australia,Designer,No,2.459787455717289,83.70204324318198,7.5,10,46-60,Female,54,Decaf
Canada,Software Engineer,Yes,2.4039459234339207,71.48428523440947,6.9,8,36-45,Male,37,Decaf
Japan,HR Manager,No,1.8162326302755731,54.77128467957028,4.6,4,36-45,Female,41,Decaf
Germany,Sales Executive,Yes,3.616205651965817,94.63638215126164,8.6,6,18-25,Female,18,Latte
India,Product Manager,No,1.0876259068932714,60.515566785292144,6.4,9,36-45,Female,36,Decaf
Germany,Software Engineer,No,1.7431300951872568,96.72852566741092,8.7,6,26-35,Male,30,Black
India,Designer,No,4.370237321969101,89.84532734895662,8.1,1,18-25,Male,19,Latte
Canada,HR Manager,Yes,0.1,59.48103182406709,4.6,2,60+,Male,72,Latte
Brazil,Product Manager,Yes,1.6829315215254097,68.24478047472672,4.9,6,18-25,Female,24,Decaf
UK,Product Manager,No,4.882644115147379,87.63282514773879,7.2,4,46-60,Female,46,Black
USA,HR Manager,No,1.4400778958026454,68.65555654722584,6.0,10,18-25,Female,20,Espresso
UK,Designer,No,3.393584439832789,57.46737045629165,5.3,9,18-25,Female,24,Black
Brazil,Designer,Yes,0.1,74.8667990162493,5.2,7,46-60,Male,47,Black
Japan,Product Manager,No,3.355670680539931,80.29609217007244,7.0,10,60+,Male,64,Cream and Sugar
Australia,Data Scientist,Yes,4.361514928204012,79.06964645956474,6.9,2,60+,Female,64,Cream and Sugar
UK,Designer,Yes,0.6573182260854485,89.87937456444999,8.0,4,46-60,Female,46,Cream and Sugar
France,Sales Executive,Yes,5.01142496617375,91.99042380383928,8.1,4,18-25,Female,22,Black
USA,Designer,No,3.260412881077355,62.27819794038029,5.3,1,60+,Female,67,Decaf
Canada,HR Manager,No,3.640614392350479,70.13168996559882,6.3,9,36-45,Female,43,Latte
Canada,Data Scientist,Yes,2.7620831762442206,54.26570529379804,4.7,3,60+,Female,67,Cream and Sugar
USA,Data Scientist,Yes,4.229212243424794,90.83623364892,8.1,4,18-25,Male,20,Latte
France,Designer,No,1.9541531251033613,94.28287614433115,8.7,10,46-60,Male,60,Black
UK,Product Manager,No,0.1,72.43577108661418,6.6,1,46-60,Male,48,Decaf
Canada,HR Manager,No,1.9490394176322072,66.53215113845948,5.6,7,18-25,Male,20,Cream and Sugar
Australia,Data Scientist,No,2.4245032112888487,60.72511391289572,5.2,7,18-25,Male,23,Decaf
Australia,Sales Executive,Yes,3.3837173645764542,95.51996494291345,7.8,9,60+,Male,67,Decaf
USA,Software Engineer,No,1.9520232577589227,61.74515095803494,6.5,9,46-60,Female,52,Latte
Germany,Software Engineer,Yes,4.428775195361382,62.45753425961231,4.7,9,60+,Female,73,Decaf
Brazil,Product Manager,No,0.3201649380601122,97.23042596248814,8.1,5,36-45,Male,44,Black
South Korea,Product Manager,No,1.2369164604558935,52.63304883795925,5.3,6,18-25,Male,22,Black
Australia,HR Manager,Yes,1.6408198784747252,94.28656202959826,8.6,10,26-35,Male,30,Espresso
Brazil,Sales Executive,No,0.6714114072575098,94.14279567002104,8.6,1,46-60,Male,55,Espresso
Brazil,Designer,No,3.0038195176094384,46.96244152641089,4.4,7,18-25,Male,21,Latte
Australia,Data Scientist,No,1.0135916245180114,90.11091656204562,8.4,4,60+,Female,75,Decaf
UK,Designer,Yes,2.9796354130426037,73.44712077267086,6.9,7,36-45,Male,38,Latte
Brazil,Software Engineer,Yes,4.271421221791859,87.76135221711812,6.9,8,60+,Female,72,Espresso
Brazil,Designer,Yes,4.529941397124212,63.678391965737305,4.9,3,26-35,Female,33,Cream and Sugar
Australia,Sales Executive,No,3.8134951080722663,64.3577754749708,4.8,10,46-60,Male,46,Black
Australia,Software Engineer,Yes,0.6507926643258208,84.60836032021618,7.1,5,60+,Male,75,Cream and Sugar
USA,Designer,Yes,3.692658689864418,47.354741143913856,4.3,7,60+,Male,70,Black
France,Data Scientist,No,2.574967264260378,95.37739866860112,8.8,1,26-35,Male,29,Black
India,Data Scientist,No,4.231051737131636,65.4468728061396,5.3,1,18-25,Female,20,Espresso
India,Designer,Yes,0.2348711908137795,90.88936095554028,8.7,10,26-35,Male,33,Latte
Japan,Sales Executive,Yes,3.253571377141214,100.0,8.8,2,46-60,Female,53,Decaf
Germany,Designer,Yes,1.8993897640570816,82.79837300920933,7.4,4,26-35,Male,26,Cream and Sugar
France,Software Engineer,No,2.801766448946012,65.12589596225202,5.7,9,46-60,Female,50,Cream and Sugar
France,HR Manager,No,2.685445255346584,83.55479984101746,7.0,10,46-60,Female,60,Espresso
Germany,Product Manager,Yes,2.3773059419985647,61.2213165574302,4.9,10,18-25,Male,19,Cream and Sugar
Canada,Designer,Yes,2.869357899335868,53.1951691709046,4.5,2,26-35,Female,30,Cream and Sugar
Germany,Data Scientist,No,3.316326218555975,88.79664901682123,7.3,7,36-45,Female,40,Black
USA,Software Engineer,Yes,2.2027861706028165,73.59468336200051,6.9,4,60+,Female,72,Latte
UK,Data Scientist,No,0.9815818760774802,99.07967803472133,8.6,2,46-60,Male,47,Espresso
Australia,Designer,Yes,4.3627770421169165,69.96550628984193,5.7,8,36-45,Male,38,Cream and Sugar
France,Designer,No,1.6827271201405491,63.45226780343005,5.5,5,18-25,Female,21,Black
France,HR Manager,No,0.7909114358886555,72.63066511121059,6.1,1,60+,Female,62,Espresso
Canada,Product Manager,Yes,3.848973453061324,49.74443211807348,4.6,4,46-60,Female,51,Decaf
Brazil,Data Scientist,Yes,2.6599876392107547,70.6201350960345,5.6,5,18-25,Female,25,Latte
France,Designer,No,3.7062962003908977,89.07548931778506,8.0,7,26-35,Male,30,Cream and Sugar
India,Product Manager,Yes,0.8787538550236524,80.38638489740481,7.3,7,46-60,Female,49,Cream and Sugar
Japan,Data Scientist,Yes,0.7408648908631761,56.24504612918444,4.1,10,26-35,Male,26,Latte
USA,HR Manager,Yes,2.132749382079526,69.4782815472862,6.3,4,36-45,Female,45,Latte
Japan,HR Manager,Yes,3.606390463468249,84.9576935181822,8.2,1,36-45,Male,44,Black
USA,Sales Executive,No,0.1,77.21685413238048,7.5,2,26-35,Male,32,Decaf
India,Product Manager,No,0.4285148510846882,73.0300497567282,6.0,1,46-60,Female,58,Espresso
USA,Software Engineer,Yes,0.1,84.59785323751859,8.1,9,26-35,Male,29,Decaf
Brazil,Software Engineer,Yes,0.6901274479551278,89.77397090992183,7.1,10,60+,Male,63,Black
UK,Designer,No,5.339440404227618,63.59035296058139,6.4,10,60+,Female,63,Espresso
Canada,Designer,No,0.6613592801690447,75.48228184145019,5.7,3,46-60,Female,55,Cream and Sugar
USA,Designer,Yes,2.2695580228324777,77.05508733601309,6.6,10,36-45,Male,38,Decaf
France,Product Manager,No,2.575966516343388,53.51643444064804,4.4,5,18-25,Male,23,Black
Australia,Product Manager,No,2.29115939838639,88.27540456595526,8.1,10,60+,Male,75,Black
France,Designer,No,2.7148144209618064,59.99568057176035,4.8,9,46-60,Male,48,Latte
South Korea,HR Manager,No,0.1,74.81182648787576,6.5,4,36-45,Male,39,Latte
Brazil,Product Manager,Yes,0.1,86.5165094100826,7.1,7,36-45,Male,44,Decaf
South Korea,Sales Executive,No,5.318908155986732,56.5711382433102,4.6,6,18-25,Male,25,Latte
UK,Sales Executive,No,1.544475298483683,72.75150880730939,6.2,8,26-35,Male,32,Decaf
Australia,Designer,Yes,4.220030735018287,89.18193893893073,8.1,10,26-35,Male,30,Espresso
Germany,Software Engineer,No,2.371972044662663,56.71527188139466,4.7,1,18-25,Female,25,Latte
South Korea,HR Manager,Yes,3.838052137845097,92.5390088444603,8.1,7,46-60,Male,53,Decaf
France,Sales Executive,Yes,1.7092456744760247,87.44915803671687,8.6,4,60+,Male,74,Black
Canada,Product Manager,Yes,1.604431797502378,79.25907288947144,7.6,6,46-60,Female,52,Cream and Sugar
Brazil,Data Scientist,No,2.458071281899434,66.71632047011357,5.3,6,18-25,Male,20,Cream and Sugar
Brazil,Product Manager,Yes,1.084567841783023,77.85432719063971,6.7,2,60+,Male,62,Cream and Sugar
USA,HR Manager,No,1.045071995855556,89.0800833182366,8.0,2,60+,Male,68,Espresso
Canada,HR Manager,Yes,0.8998517964721121,86.09216966532696,7.6,5,18-25,Male,23,Cream and Sugar
Japan,Software Engineer,No,2.672226150551691,75.73790852680835,6.4,4,18-25,Male,25,Decaf
Germany,Data Scientist,Yes,3.724107452482208,94.3012015984532,8.7,2,46-60,Female,47,Black
UK,Designer,Yes,4.98777256356118,78.10847637298843,7.2,4,36-45,Male,45,Cream and Sugar
Japan,Sales Executive,Yes,1.486743062275392,93.9792262754884,8.3,7,26-35,Female,26,Latte
UK,Designer,No,2.5566337165566777,95.10813611192484,9.0,2,26-35,Female,26,Espresso
France,Software Engineer,No,1.7143077727856462,66.04126377857236,5.4,5,26-35,Male,29,Cream and Sugar
Canada,Data Scientist,Yes,4.489606407753696,54.4870819788108,5.3,9,36-45,Female,37,Decaf
Japan,Software Engineer,Yes,3.559673257120586,92.14577818662822,7.7,10,18-25,Female,24,Espresso
Australia,Product Manager,No,0.575957829251338,57.362987412065216,4.5,1,18-25,Male,23,Cream and Sugar
India,Designer,Yes,2.4064657271378125,81.28014867156938,7.0,5,18-25,Male,24,Espresso
USA,Product Manager,Yes,0.3043482513986759,77.91345491972757,6.3,3,18-25,Male,18,Black
France,Product Manager,No,4.225246425172938,97.32737222231287,7.9,9,18-25,Male,21,Decaf
Australia,Sales Executive,Yes,2.826767038578658,73.07185032509065,5.8,6,46-60,Female,55,Espresso
Japan,Sales Executive,No,2.415729382927177,74.79562884334177,7.4,3,26-35,Male,26,Black
South Korea,Software Engineer,No,0.1882686073370753,58.60211516632149,5.5,7,18-25,Male,25,Espresso
India,HR Manager,Yes,1.1703932390555245,78.8759071115216,7.2,5,60+,Male,72,Espresso
South Korea,Sales Executive,No,3.3682911535937685,83.13045525105417,7.3,2,46-60,Female,50,Latte
Canada,Data Scientist,No,1.1801390789096116,87.58829510234561,7.5,9,26-35,Male,35,Cream and Sugar
Japan,Sales Executive,Yes,1.998861365389191,73.37128093423267,6.7,7,36-45,Male,44,Espresso
USA,Product Manager,No,0.6785562857558731,92.9338338223854,8.2,6,18-25,Female,22,Decaf
Brazil,Product Manager,Yes,0.1,61.22308533823339,5.5,4,60+,Male,71,Cream and Sugar
UK,Designer,No,1.8527394035771645,88.94241098504025,8.2,6,36-45,Female,43,Cream and Sugar
USA,Data Scientist,No,2.1483964913269737,70.96669451575889,6.8,9,26-35,Female,35,Cream and Sugar
France,Product Manager,Yes,2.6120908796776603,66.38383376944547,6.1,10,18-25,Female,25,Cream and Sugar
Japan,Designer,Yes,0.6497999377166244,45.241576971918334,4.2,10,36-45,Male,45,Decaf
Australia,Software Engineer,No,5.622483856750642,47.12063373511334,4.2,5,46-60,Male,53,Latte
Japan,Data Scientist,Yes,3.4291043592230004,92.2682089830392,7.7,4,26-35,Female,28,Espresso
France,Sales Executive,Yes,1.5536497604383048,91.25300555584028,8.6,5,36-45,Female,36,Espresso
Germany,Data Scientist,Yes,1.8755759877612608,100.0,8.7,3,26-35,Female,34,Decaf
Canada,HR Manager,No,1.981524644560959,87.46658950440445,7.5,1,46-60,Male,53,Decaf
USA,Sales Executive,Yes,2.239883396489679,73.92418061847437,6.3,8,60+,Male,72,Black
UK,HR Manager,Yes,0.1,92.70821109909392,8.7,10,18-25,Female,25,Espresso
Canada,Product Manager,No,3.330060106836322,100.0,8.8,1,46-60,Male,50,Decaf
Canada,Designer,Yes,2.9941586032422887,86.12181086881112,7.9,10,36-45,Male,44,Black
Japan,HR Manager,No,1.0990744686038594,56.6100490732268,4.6,10,46-60,Female,51,Cream and Sugar
Japan,Designer,No,1.6488380492744157,100.0,8.6,5,60+,Male,71,Cream and Sugar
India,Software Engineer,No,0.2480601385322875,93.51970050137676,8.4,1,18-25,Female,24,Cream and Sugar
USA,Data Scientist,No,2.192316929266152,92.74636663142836,7.7,6,26-35,Female,30,Cream and Sugar
Canada,Software Engineer,No,3.626216667398112,84.48411787437057,7.8,1,60+,Female,66,Cream and Sugar
Japan,HR Manager,No,0.1,71.82505754751519,6.2,7,46-60,Male,51,Espresso
India,Sales Executive,Yes,2.3305276360899447,73.85400317817755,5.5,3,36-45,Female,37,Espresso
Germany,Data Scientist,Yes,0.1,53.86516471106116,4.7,1,18-25,Female,23,Decaf
France,HR Manager,Yes,4.301397155468049,95.06224278998464,7.6,3,26-35,Male,31,Decaf
Germany,Data Scientist,No,3.9412362076215928,93.53875967727738,8.0,5,36-45,Female,42,Black
UK,Sales Executive,No,3.2415256215876385,82.18766612052866,7.5,3,60+,Male,74,Cream and Sugar
USA,Product Manager,Yes,0.5625273444195227,99.1620386952776,8.6,10,36-45,Female,43,Cream and Sugar
Japan,HR Manager,No,3.958663691654391,100.0,8.8,9,60+,Male,73,Espresso
UK,Sales Executive,Yes,4.606431059419481,81.10904981108598,6.8,9,18-25,Female,23,Latte
Japan,Data Scientist,No,4.737678108474776,52.14887640054772,5.0,9,46-60,Female,46,Cream and Sugar
UK,Software Engineer,Yes,3.37087798788858,64.36431412087566,5.8,8,60+,Female,61,Decaf
Germany,Sales Executive,No,0.365412173947647,91.76240682224248,8.3,6,18-25,Female,23,Black
UK,Product Manager,No,2.2665166873281333,81.62783285449977,7.2,1,26-35,Female,34,Espresso
South Korea,Product Manager,No,4.995227812904989,100.0,8.7,4,60+,Male,62,Espresso
India,Product Manager,No,0.7736468025616312,57.88850500466627,4.7,3,18-25,Female,20,Latte
South Korea,Data Scientist,Yes,2.8936420644051744,79.32327820644949,7.6,6,60+,Female,70,Latte
India,Software Engineer,Yes,3.889648592031913,62.90098925502981,5.1,3,36-45,Female,43,Espresso
Japan,HR Manager,No,4.340937069693161,98.05292872641913,8.5,2,60+,Male,73,Cream and Sugar
Brazil,Sales Executive,Yes,1.7482621729419003,90.7989522396552,7.8,7,36-45,Female,43,Cream and Sugar
USA,HR Manager,Yes,2.430373962440994,83.4039036277731,6.8,3,18-25,Female,22,Black
India,Data Scientist,No,3.3886502400897034,66.16961077274452,5.2,5,18-25,Male,22,Black
France,Sales Executive,No,3.147765249747573,75.29590039614219,6.3,5,26-35,Male,35,Cream and Sugar
Australia,HR Manager,No,2.3361603183603394,64.64917144270676,5.5,8,60+,Female,75,Decaf
France,HR Manager,Yes,1.8534995326705832,54.69519533242004,5.3,5,36-45,Male,40,Cream and Sugar
India,Data Scientist,Yes,1.898735317681096,78.14809109566293,6.6,5,46-60,Female,55,Cream and Sugar
USA,Product Manager,Yes,2.678507742982524,80.03843843581555,6.9,8,60+,Female,64,Black
India,Sales Executive,No,0.2434327354545611,72.35789418597686,6.1,6,60+,Female,62,Decaf
Canada,Sales Executive,No,2.588889802216784,56.61625712089845,5.3,2,46-60,Female,55,Cream and Sugar
India,Designer,Yes,0.7301151049705127,69.59471729795868,6.5,4,36-45,Male,37,Black
France,Data Scientist,Yes,5.56008458329481,86.26576426666452,7.1,6,60+,Male,65,Latte
France,Data Scientist,Yes,4.204214305582085,97.80222423071672,8.8,7,46-60,Female,51,Decaf
USA,Product Manager,Yes,4.265296582777721,89.40750348686312,7.6,9,36-45,Female,41,Decaf
South Korea,Designer,Yes,2.859225998192803,58.14159188065231,4.8,4,26-35,Female,29,Espresso
Japan,Data Scientist,No,3.822229779699787,76.14878069747873,6.6,3,18-25,Male,23,Decaf
India,HR Manager,Yes,4.175517925760463,55.69141902987998,4.1,9,18-25,Female,23,Espresso
Japan,Sales Executive,No,3.374199826197092,80.41977635891313,7.3,1,60+,Female,70,Cream and Sugar
Germany,HR Manager,No,5.049388425993595,96.48060388470492,8.6,1,36-45,Female,44,Black
Australia,HR Manager,No,2.881688064622161,95.6886235564748,8.8,5,36-45,Female,44,Decaf
USA,Sales Executive,No,3.908373353831881,96.82751886283842,8.9,5,60+,Male,72,Decaf
Canada,Product Manager,Yes,4.476862552972764,59.454139382656805,5.1,7,18-25,Male,18,Decaf
Australia,Data Scientist,No,0.521909714073115,91.11066885816857,8.0,10,36-45,Female,39,Espresso
USA,Data Scientist,Yes,3.6227859199519066,52.60625689168261,4.5,10,26-35,Female,34,Espresso
India,Designer,Yes,1.4507736711668062,63.2787806278676,4.7,8,18-25,Female,23,Espresso
Brazil,Designer,No,2.495515973521523,49.52696348890248,4.4,2,36-45,Female,44,Cream and Sugar
Brazil,Data Scientist,No,0.3932764241440762,75.0656417791932,6.6,8,36-45,Male,40,Cream and Sugar
USA,Data Scientist,No,2.064034067105283,52.80134470862912,4.5,1,26-35,Female,30,Cream and Sugar
UK,Software Engineer,No,3.902621849859092,59.23488942176866,4.2,4,60+,Male,67,Espresso
Germany,Software Engineer,No,3.0769361870827066,53.98277388255787,4.3,10,46-60,Male,47,Latte
Japan,Sales Executive,No,0.4168511351986135,93.15922269734315,7.8,2,26-35,Male,28,Black
Japan,Software Engineer,Yes,1.2239561002387491,76.57219813481514,7.4,1,36-45,Female,40,Espresso
France,Data Scientist,Yes,0.1,98.33525132934628,8.7,8,26-35,Female,32,Cream and Sugar
Japan,Data Scientist,Yes,3.98728890641592,79.44815397811719,6.5,5,46-60,Female,55,Decaf
Australia,Software Engineer,No,3.712255087129472,74.41141994637712,6.4,1,46-60,Female,46,Decaf
France,Software Engineer,Yes,0.792905693606134,59.32740187532676,4.4,10,18-25,Female,22,Decaf
France,Sales Executive,Yes,1.8367962153175903,52.41355774949814,4.5,6,18-25,Male,20,Latte
India,Software Engineer,Yes,1.807136976832228,99.0467372009279,8.2,1,46-60,Male,47,Cream and Sugar
Japan,Sales Executive,Yes,3.260739004816286,68.49449061809625,4.7,1,60+,Male,72,Decaf
Japan,Product Manager,Yes,2.882362566458195,77.18580719780171,6.9,1,60+,Male,75,Cream and Sugar
Japan,Sales Executive,No,2.8781200142854115,76.77248739299614,6.9,9,26-35,Female,32,Decaf
Germany,Data Scientist,Yes,0.1,93.2669223855885,7.6,2,26-35,Male,34,Black
Brazil,Sales Executive,No,1.5491214782077316,67.89786072865357,5.0,9,36-45,Male,39,Decaf
UK,Sales Executive,Yes,2.0524936394902284,80.38569986423366,7.3,6,60+,Female,62,Latte
USA,Product Manager,No,1.836618812286772,70.89906591452072,6.3,10,36-45,Male,45,Black
Germany,Software Engineer,No,2.337122489159619,94.59107695569746,8.6,1,36-45,Male,43,Cream and Sugar
India,Sales Executive,Yes,4.028276804316915,48.27774744482861,4.5,1,18-25,Male,20,Black
Japan,Product Manager,No,1.7209811357830167,75.40674026757901,7.0,5,18-25,Female,18,Cream and Sugar
Germany,Software Engineer,Yes,2.789578175014489,75.97929616623966,7.1,2,60+,Female,69,Decaf
Japan,Product Manager,Yes,0.5996806550405978,85.16101217447935,7.9,3,36-45,Female,39,Latte
USA,Designer,No,0.4552427851872386,63.82657556306609,5.4,1,46-60,Female,55,Cream and Sugar
India,Designer,Yes,0.6962583827193864,60.1710736626826,4.9,7,18-25,Female,18,Cream and Sugar
Australia,Software Engineer,Yes,1.5427300773736907,71.75250246407039,5.4,5,18-25,Male,24,Decaf
Canada,Designer,Yes,3.3224832855543616,60.00822979630605,5.5,5,46-60,Male,59,Espresso
South Korea,Product Manager,Yes,0.1,82.92161199238292,6.8,7,36-45,Male,39,Cream and Sugar
UK,Sales Executive,No,0.4682425259339406,91.93005577887246,8.3,10,36-45,Male,45,Espresso
India,HR Manager,Yes,1.7074588597918423,69.75268145173783,6.0,3,36-45,Male,36,Cream and Sugar
UK,HR Manager,No,1.2037396307836494,57.37409746083302,4.4,6,36-45,Male,36,Espresso
UK,Sales Executive,Yes,3.4218246273578483,62.3863898921885,5.8,9,60+,Female,67,Latte
USA,Designer,Yes,2.2949014666088363,73.91204873092025,6.2,6,46-60,Female,60,Latte
UK,Software Engineer,Yes,3.967671583381021,90.83226104106528,8.0,1,26-35,Female,27,Espresso
Japan,Software Engineer,No,2.2856841405949853,89.46225632004075,7.7,1,60+,Female,70,Black
Canada,Product Manager,No,2.8621908733076213,88.44584321953909,7.7,7,46-60,Female,49,Latte
India,Sales Executive,No,1.3776704212216022,89.27650069955448,6.7,8,18-25,Female,22,Black
USA,Data Scientist,No,1.1575176336043302,69.81130007874341,6.3,4,26-35,Female,33,Latte
UK,Designer,No,4.693008408072677,92.34501522499092,8.5,9,18-25,Male,25,Cream and Sugar
Germany,Designer,No,0.1,85.88429736787617,7.9,1,60+,Female,72,Cream and Sugar
Canada,Software Engineer,Yes,1.2329429146321889,57.22261440419873,5.0,5,60+,Female,66,Cream and Sugar
South Korea,Designer,No,1.182923312638332,73.81306436346742,6.7,6,18-25,Male,23,Latte
Canada,Data Scientist,No,2.133455574593312,62.94508265553776,4.7,7,36-45,Female,36,Black
France,Software Engineer,No,4.743066541331653,100.0,9.0,6,46-60,Male,50,Latte
India,Product Manager,No,2.8923146289747925,73.14626853125262,6.6,1,46-60,Male,53,Cream and Sugar
South Korea,Sales Executive,Yes,1.4321400095477317,75.83822213447885,7.0,2,26-35,Female,35,Decaf
Japan,Designer,Yes,0.520630256788443,67.35707778193202,5.5,4,46-60,Male,46,Black
France,Software Engineer,No,4.525695625652899,92.23888477859516,8.5,2,26-35,Male,33,Decaf
Canada,Data Scientist,No,3.292094857517281,98.16465908877755,8.5,1,60+,Female,75,Latte
Germany,Designer,Yes,0.1,68.01461510425649,5.7,4,26-35,Female,26,Espresso
Canada,Designer,Yes,2.6053176215278944,81.42127942501384,7.9,2,18-25,Female,24,Latte
South Korea,HR Manager,Yes,2.279484610246634,91.73752600665031,7.4,10,26-35,Female,26,Black
Japan,Data Scientist,No,1.1071705116680914,61.97938836547761,4.3,1,46-60,Male,57,Espresso
Brazil,Designer,Yes,4.728561113109458,89.93605654757806,8.3,3,60+,Male,69,Espresso
UK,Designer,No,4.293251387631033,77.06149220032007,6.9,10,46-60,Female,49,Espresso
Germany,HR Manager,Yes,2.784929311019684,61.429326953624525,5.0,5,46-60,Female,46,Espresso
Australia,Data Scientist,Yes,2.0958313469814684,64.67228394993512,5.3,2,60+,Male,71,Cream and Sugar
Australia,Sales Executive,No,1.878893680174142,87.29272136336415,7.4,6,26-35,Female,35,Decaf
South Korea,Software Engineer,Yes,0.3832991230484232,68.05102269383175,4.8,8,60+,Male,62,Decaf
Germany,Designer,Yes,1.587849009172836,62.11526386252975,5.3,4,36-45,Female,40,Cream and Sugar
Brazil,Product Manager,No,0.9226879747925733,75.00851377730773,6.9,5,36-45,Male,44,Latte
Canada,HR Manager,No,0.3348166841414312,57.10340385992736,5.4,10,18-25,Female,19,Black
UK,Software Engineer,Yes,0.6365347642109584,71.3453498002904,6.5,1,18-25,Male,21,Decaf
Canada,Product Manager,Yes,3.640495933867516,55.83436513563102,4.6,10,60+,Male,66,Black
Japan,Software Engineer,No,1.4792977895037025,71.97278931758893,5.3,8,36-45,Male,42,Espresso
South Korea,Sales Executive,No,2.8843157787661746,78.41194350481915,7.1,8,60+,Female,68,Decaf
USA,Sales Executive,No,1.306758608684835,75.11893975819449,6.4,10,36-45,Male,44,Cream and Sugar
Australia,Software Engineer,Yes,3.846832512996986,87.91788551963624,7.8,4,36-45,Male,44,Cream and Sugar
Australia,Data Scientist,Yes,0.8749672025087692,68.94196636724043,5.3,6,60+,Male,66,Black
Brazil,HR Manager,No,1.2498256825438203,96.63466212936812,7.4,9,60+,Female,66,Decaf
India,Data Scientist,No,1.6882784815278833,47.3456561353984,4.0,1,36-45,Male,40,Cream and Sugar
Brazil,Product Manager,No,3.3652628070325235,48.55280278740888,4.1,6,46-60,Male,49,Cream and Sugar
Brazil,Designer,No,4.579055436750034,79.22080438534536,6.4,10,18-25,Female,21,Decaf
Australia,Software Engineer,Yes,2.306989955367112,63.40945744813156,5.0,8,26-35,Male,32,Black
Germany,HR Manager,Yes,2.706262911197099,73.23353662868017,5.4,10,46-60,Female,52,Cream and Sugar
UK,Sales Executive,No,4.485502494538964,70.91964092662982,5.8,9,26-35,Male,27,Black
Canada,Sales Executive,Yes,3.2375410837434835,65.2035395460647,5.7,7,26-35,Female,34,Latte
France,HR Manager,No,3.032887255572378,96.95327415346156,8.4,4,36-45,Male,37,Espresso
France,Sales Executive,Yes,0.4692332899977047,100.0,8.7,7,18-25,Male,21,Decaf
Canada,Software Engineer,No,3.2958508573224243,93.10241090598682,7.9,8,36-45,Female,45,Espresso
India,Designer,Yes,3.4347494261947364,74.53637015553649,6.2,8,36-45,Male,40,Latte
UK,Product Manager,Yes,2.523490296882371,76.33337344794577,6.1,4,60+,Female,73,Cream and Sugar
Canada,Designer,Yes,4.013587392731214,90.84647795222835,7.5,5,18-25,Female,24,Decaf
Japan,HR Manager,No,0.1073432015691207,81.91079495518764,6.5,9,60+,Female,62,Latte
Brazil,Software Engineer,Yes,2.1511785260480143,97.24354943794822,8.4,5,36-45,Male,42,Latte
France,Sales Executive,Yes,1.9083707436671125,88.16440959841573,7.9,4,18-25,Male,19,Espresso
Canada,Designer,No,3.339307079173503,76.73356843216662,6.6,5,60+,Male,64,Latte
France,Sales Executive,Yes,0.9874287066711964,90.03254483254179,7.4,7,26-35,Male,29,Latte
Canada,Data Scientist,No,2.156892975456105,48.91532164506382,4.3,7,60+,Male,67,Latte
Japan,HR Manager,Yes,1.3770008817466013,71.8433665443645,6.0,7,26-35,Male,29,Espresso
Australia,HR Manager,No,1.5535452023696734,83.0333059383632,7.5,4,26-35,Female,32,Cream and Sugar
India,Product Manager,Yes,0.4823788387903127,61.143724114674086,5.1,7,18-25,Female,25,Decaf
UK,Sales Executive,No,5.258930973527388,81.39225931303649,6.5,4,26-35,Male,31,Espresso
Canada,HR Manager,Yes,0.943570817536282,72.95549534009952,6.2,7,60+,Male,72,Cream and Sugar
France,Product Manager,No,3.676713557878737,53.23218274078074,4.3,10,60+,Female,75,Latte
USA,HR Manager,No,0.5051851327167315,70.2007192951004,6.7,7,18-25,Female,25,Black
Germany,Designer,No,1.2554537827990022,100.0,9.0,7,18-25,Female,23,Cream and Sugar
Germany,Software Engineer,No,1.4653702886430455,87.22742090570537,7.4,3,36-45,Male,42,Black
UK,Product Manager,Yes,5.1803922631841175,81.8162736165273,6.1,8,36-45,Male,42,Black
Canada,HR Manager,No,4.693542301871226,51.461108825234994,4.3,7,36-45,Female,40,Cream and Sugar
Australia,HR Manager,No,0.449448152205355,99.0957516383197,8.8,9,26-35,Male,29,Cream and Sugar
UK,Designer,Yes,2.6815906966299954,81.24691841855378,7.0,5,60+,Female,63,Latte
France,Data Scientist,Yes,1.2003124885231138,71.88726639881737,5.4,8,18-25,Female,22,Latte
USA,Software Engineer,No,4.276742523966489,61.52352233806524,5.2,1,26-35,Female,33,Espresso
Australia,HR Manager,No,4.498903673783053,88.39510762885169,7.7,3,26-35,Female,26,Decaf
UK,Product Manager,Yes,0.5873170267146675,92.0394825485827,7.9,7,36-45,Female,43,Espresso
Canada,HR Manager,No,1.402025428407269,71.9330456157818,6.1,4,36-45,Male,38,Espresso
Germany,HR Manager,No,4.105838144420434,64.76783192724736,5.7,7,18-25,Female,22,Black
India,Product Manager,Yes,0.1,50.970449964491536,4.0,5,46-60,Female,60,Latte
UK,Product Manager,Yes,3.5308678494144075,91.36815874929886,7.6,9,36-45,Male,45,Latte
Japan,Software Engineer,No,1.0836526259529533,89.8674235029447,8.5,8,46-60,Female,60,Decaf
Australia,Product Manager,No,2.7967768398712134,57.66484837073438,4.7,8,26-35,Male,35,Espresso
Japan,Sales Executive,No,1.5184799223186334,82.49939592530413,7.6,4,46-60,Male,52,Espresso
France,Product Manager,No,5.033759240705055,99.9752331446242,8.4,8,60+,Female,64,Espresso
USA,HR Manager,No,4.590164056081244,70.38406547608113,6.8,8,60+,Male,72,Black
Japan,Designer,Yes,2.5310874800424386,92.20539076364206,8.5,9,26-35,Male,34,Latte
South Korea,Designer,Yes,3.2112724560515944,53.8860593753226,4.2,9,26-35,Female,28,Black
Canada,Designer,Yes,0.1,70.8276201461717,5.3,7,36-45,Male,39,Decaf
Australia,Product Manager,Yes,5.14302572999922,85.67124869463507,7.6,6,60+,Male,69,Cream and Sugar
Canada,HR Manager,Yes,4.112046240905208,72.22400236653401,6.5,2,60+,Female,63,Decaf
Brazil,Data Scientist,No,1.3843224952664448,74.40578534720295,5.5,10,46-60,Male,56,Latte
Canada,Designer,Yes,0.4181377235980121,48.75993049791878,4.6,9,60+,Female,72,Latte
Canada,Designer,Yes,0.9834371337222632,51.00597021689959,5.2,2,18-25,Female,23,Espresso
Japan,Sales Executive,Yes,3.661538999847021,88.20007225026666,7.6,5,18-25,Male,23,Decaf
India,Data Scientist,Yes,1.4160249686788182,51.48972887823695,4.4,3,18-25,Female,18,Latte
India,Product Manager,No,1.17371592430342,85.89383591434644,8.1,7,18-25,Female,19,Decaf
South Korea,HR Manager,Yes,3.4426317792665504,98.54178223649676,8.5,3,36-45,Male,41,Cream and Sugar
Australia,Data Scientist,No,2.943359877671101,65.219003568856,5.4,8,26-35,Male,29,Black
UK,Software Engineer,No,1.610501920816379,70.17960684631636,6.3,3,60+,Male,61,Espresso
France,Designer,Yes,1.5351198981164804,58.59847800664553,5.5,10,60+,Male,63,Espresso
UK,Sales Executive,Yes,4.238085419607943,93.36228664140071,7.9,5,18-25,Male,18,Latte
France,Designer,No,0.2051165305097926,97.2510058897933,8.4,8,36-45,Male,40,Latte
Australia,Software Engineer,Yes,4.211030079997244,62.50412068110309,5.3,5,46-60,Female,54,Black
France,Sales Executive,No,3.0120599085260777,71.23318498023833,5.2,1,46-60,Male,52,Black
Canada,Designer,No,2.938684153823809,50.64957616836924,4.6,7,46-60,Male,59,Cream and Sugar
Canada,Data Scientist,Yes,1.440287882883099,90.37237414537633,8.8,1,18-25,Male,18,Cream and Sugar
Japan,HR Manager,No,1.6388324478942122,58.540459650593775,5.2,3,26-35,Male,35,Black
Australia,Software Engineer,No,3.836041204259617,49.77206991822251,4.0,1,18-25,Male,18,Latte
Germany,Data Scientist,No,4.534928472816158,84.21669724661346,7.3,5,36-45,Male,44,Black
USA,HR Manager,No,2.132877597085061,73.79381971071835,6.5,2,26-35,Female,28,Black
France,Designer,Yes,2.015499761247976,73.76027698257148,6.2,4,60+,Female,63,Cream and Sugar
South Korea,Software Engineer,Yes,4.900855861049471,70.74230287904778,6.7,3,18-25,Female,24,Black
South Korea,Software Engineer,No,4.562041984697398,90.2188230203663,7.3,3,26-35,Male,26,Latte
Brazil,Sales Executive,Yes,4.7464848200227205,94.58924410803716,8.5,1,60+,Female,62,Black
Australia,Data Scientist,Yes,4.738345399665009,80.58647915794064,6.5,2,18-25,Male,20,Black
South Korea,Product Manager,Yes,4.734836274415019,53.71362673188852,4.2,8,18-25,Male,25,Decaf
Australia,Data Scientist,Yes,3.3425763876570675,92.28376609576893,8.0,10,26-35,Male,27,Espresso
UK,HR Manager,Yes,1.2813769228367715,73.84883640116102,6.1,4,18-25,Female,20,Latte
Australia,Designer,Yes,3.2635855436715637,91.23854280008658,7.9,7,46-60,Male,48,Cream and Sugar
India,Software Engineer,No,3.923131917821255,84.21361379933772,7.1,4,36-45,Male,36,Espresso
France,Software Engineer,Yes,2.765631715701782,59.64576265066216,4.3,10,18-25,Male,19,Decaf
Japan,HR Manager,Yes,1.5718091447842308,96.98260584850736,8.6,9,60+,Male,71,Espresso
France,Designer,Yes,0.7644808471908384,81.54501878794257,6.8,9,46-60,Female,54,Black
Brazil,Data Scientist,No,4.816959511159006,97.55132152856386,8.8,6,26-35,Female,28,Cream and Sugar
South Korea,Software Engineer,Yes,5.861078098506317,65.20058607724737,4.8,8,36-45,Female,40,Espresso
India,Sales Executive,Yes,4.8871118497567325,60.61803848970365,5.4,10,18-25,Male,20,Espresso
France,Product Manager,Yes,5.10675481800032,100.0,8.5,6,60+,Male,71,Black
Japan,Data Scientist,Yes,0.5010610537055756,62.79921024677828,5.3,1,60+,Female,66,Black
South Korea,Software Engineer,No,2.21265916488634,63.84612448940976,6.1,4,26-35,Male,34,Black
Canada,Data Scientist,Yes,3.299529847786735,87.64052207455394,7.7,2,36-45,Female,45,Black
Germany,Product Manager,No,3.655439980243606,65.59474171262559,5.9,2,26-35,Male,35,Decaf
France,Product Manager,No,2.128199397161737,67.20321774494361,5.3,9,46-60,Female,46,Cream and Sugar
Brazil,Product Manager,Yes,3.675196893238104,93.73688010348803,8.7,10,46-60,Female,57,Decaf
Japan,Data Scientist,Yes,4.124801048510513,49.7690828339261,4.2,2,26-35,Female,26,Black
Australia,Product Manager,Yes,4.238838410949255,60.552296345272346,6.0,1,46-60,Female,60,Espresso
Australia,Sales Executive,No,2.546528412314435,83.73846840375461,7.6,10,26-35,Female,34,Cream and Sugar
UK,Designer,No,2.3461652671906097,61.88060336685522,6.4,5,46-60,Male,51,Espresso
Germany,Software Engineer,Yes,4.573548690585019,54.08048588257138,5.2,9,18-25,Female,25,Latte
USA,HR Manager,Yes,4.548492336616594,84.80207328072149,7.1,4,60+,Male,62,Decaf
Brazil,Designer,Yes,2.424668284466934,64.92900079325416,5.1,7,26-35,Female,27,Cream and Sugar
Germany,Sales Executive,No,1.973224104748488,59.12728780892483,4.7,7,26-35,Male,28,Black
Japan,Designer,Yes,0.1,59.165119284353935,5.4,10,60+,Female,61,Cream and Sugar
Germany,Designer,Yes,2.1827064333124264,78.7614432192901,6.9,4,36-45,Male,42,Decaf
India,Designer,Yes,4.32557180389752,61.98198730454716,5.2,9,18-25,Female,23,Cream and Sugar
Japan,Sales Executive,No,3.3643755548298424,76.20817655403728,7.2,7,26-35,Male,27,Espresso
India,Product Manager,No,2.623175347326409,67.51699150883576,5.0,5,36-45,Male,40,Cream and Sugar
Germany,HR Manager,No,4.493876613576543,70.38681145287836,5.6,1,60+,Female,72,Decaf
South Korea,Product Manager,No,2.342365377679827,97.89517913085167,8.9,6,60+,Female,71,Cream and Sugar
South Korea,HR Manager,No,3.907083350021712,88.13442919497265,7.8,1,46-60,Male,53,Latte
South Korea,HR Manager,No,4.34530627260263,85.04191403973776,7.4,3,18-25,Male,25,Latte
Brazil,Software Engineer,No,2.608600134517832,77.79132565787855,7.8,3,46-60,Male,58,Black
UK,Sales Executive,No,2.2328243844607774,69.76411308739702,6.1,5,46-60,Male,49,Latte
Brazil,HR Manager,No,1.5766031409657977,63.59007876001101,5.7,1,18-25,Male,19,Espresso
USA,HR Manager,No,1.369018283232984,50.99189995052542,4.6,9,18-25,Female,20,Cream and Sugar
Canada,Software Engineer,Yes,3.743092950605265,72.59449853557022,6.4,1,26-35,Male,30,Decaf
Australia,Data Scientist,No,1.7206366445330574,90.98843263424762,7.2,10,36-45,Female,42,Latte
Germany,Product Manager,Yes,2.3407778893737823,78.20421430633505,6.5,10,46-60,Female,59,Cream and Sugar
South Korea,Software Engineer,Yes,4.637047390209887,64.14410505108602,5.7,4,46-60,Male,54,Black
Australia,HR Manager,Yes,1.3286427417366156,69.86291390678079,5.7,2,18-25,Female,24,Cream and Sugar
